channel_id,title,username,useful,genre,confidence,reason,emoji_trash_score,flag_count,n_total
2345582305,🧠 НЕЙРОСЕТИ | С 0 ДО PRO,neurointelekt,useless,infobiz,0.95,"эмодзи-спам, мотивационная вода, призывы 'пиши слово', вебинары, CRM-инфобиз",,0,504
1662017787,Екатерина Потиченко,schoolofbloging,useless,infobiz,0.92,"инфобизнес по блогингу: анкеты, бесплатные консультации, школа, обещания денег",,0,377
1671887526,RSI GARANT — СЕРВИС ПО ПЕРЕВОДАМ,garantrsi,useless,infobiz,0.92,"криптообменник GARANT: стейкинг, признаки скама",0.131,0,1070
1706909817,BY.ARTO💰| Crypto | AI,byarto1,useless,infobiz,0.92,"крипто-инфобиз: airdrop, рефки, обещания дохода",0.417,0,3387
1824035968,"AI Бизнес | Aшот Онлайн | Вкалывают роботы, счастлив Человек",ashotonline,useless,infobiz,0.92,"MLM/пирамида ДоСтаТок на крипте UMI, скам",0.688,0,756
2348625982,🟢 LongoShort - Analytics🔴,LongoShortCrypto,useless,infobiz,0.92,платное обучение трейдингу с гарантией 100%,0.671,2,4705
2440532396,Сигналы I VIP каналы I Трейдинг,Trading_Privatki,useless,infobiz,0.92,"сливы платных VIP-сигналов, спам-призывы подписаться",0.62,0,21141
2878024168,Иван — ИИ на практике,ivan_ai_practice,useless,infobiz,0.9,"инфобизнес про ИИ: мини-курсы, промокоды, PDF-лид-магниты, рефералки",,1,104
1602071695,«СУТЬ ВЕЩЕЙ» | Центр интеллектуальных практик Андрея Курпатова,myshlenie_kurpatov,useless,infobiz,0.9,"марафоны/курсы Курпатова, вода о мышлении",0.154,0,1711
1679980734,CRYPTO LADY | Análisis • Exchanges • Noticias Crypto,cryptoladylatam,useless,infobiz,0.9,"крипто-airdrop (исп): инструкции фарма, реф-ссылки",0.0,1,0
1817262103,Bitexes Crypto Trading news,BitexesCryptoTrading,useless,infobiz,0.9,"крипто-сигналы, обещания 40%, зазыв в ЛС, скам",0.198,0,67201
1818023780,Никита Титов 🪄 Ai АВТОМАТИЗАЦИЯ,neo_ikigai,useless,infobiz,0.9,"инфобиз: упаковка экспертности, заработок 100-400к",0.346,0,1587
2022153454,📈 Слив платных каналов по трейдингу 📈 Слив VIP сигналов 📈 Агрегатор VIP каналов 📈 Sliv signal 📈,KapitanSlivaaa,useless,infobiz,0.88,"сливы платных VIP-сигналов, накрутка на подписку",0.899,0,11517
1467977358,УНГУРЕНКО | про нейросети и продажи,ungurenko_adout_digital,useless,infobiz,0.85,"маркетинг-инфобиз: лид-магниты, трипваеры, прогревы, призывы в комменты",,0,763
1074970917,️️Басюк Ирина. Красивый Бизнес,irinabasyuk,useless,infobiz,0.85,"Орифлэйм MLM: рекрутинг, марафоны регистраций, обещания дохода",0.464,0,4966
1192725107,Михаил Салаев. YouTube-продюсер | Эксперты на виду,naviduu_blog,useless,infobiz,0.85,"инфобизнес про экспертные блоги: воронки, продюсирование, эфиры",0.078,1,671
1199473665,Роман Пузат про инвестиции и не только,webpuzat,useless,infobiz,0.85,заработок на доходных сайтах: обещания пассивного дохода,0.133,0,1922
1511836222,Нейрогера,neurogera,useless,infobiz,0.85,"инфобизнес нейросети+рилсы: интенсивы, getcourse-воронки",0.105,0,591
1560392223,Lassina Fofana,fofanalassina,useless,infobiz,0.85,"крипто для молодёжи, призывы бустить, мотивашки",0.0,0,0
1602008118,PressAff.com | Арбитраж трафика,pressaff,useless,infobiz,0.85,"арбитраж трафика/манимейкинг, конференции",0.136,1,1463
1633415027,GCONF / AI LOVERS,gptlovers,useless,infobiz,0.85,"продажа интенсива по ChatGPT, эфиры, лид-магниты",0.057,1,277
1682905740,AGGREGATOR,WEB3_AGGREGATOR,useless,infobiz,0.85,"крипто-фарм/эйрдропы, гайды абуза, продажа софта",0.131,1,30585
1829905359,Софико про 💸и🤎с блога,sofiko_maz,useless,infobiz,0.85,"инфобиз-блог: интенсив Взлет, истории успеха без сути",0.308,0,976
2335607095,Alpha Pulse IA — Cripto em Português,AlphaPulseAI,useless,infobiz,0.85,крипто-сигналы с реф-ссылками на биржи,0.0,0,77
2337733293,Quantum Flux AI Türkiye | Kripto & Sinyaller 🇹🇷,QuantumFluxAI,useless,infobiz,0.85,"крипто-сигналы, airdrop-задания, реф-ссылки",0.2,0,0
2372695505,Pulso Cripto España — Lucy AI,LucyTradeAI,useless,infobiz,0.85,крипто-сигналы (исп) с реф-ссылками на биржи,0.0,0,0
2386475159,Moriarty Trade Global,MoriartyTradeGlobal,useless,infobiz,0.85,крипто-сигналы SHORT/LONG с реф-ссылками,0.0,0,0
2390103074,✨ ГОЛОС ВСЕЛЕННОЙ✨,voices_universe,useless,infobiz,0.85,"эзотерика: платные разборы натальной карты, гадания",0.665,0,1088
2405535431,PD.Crypto,PD_crypto_official,useless,infobiz,0.85,"крипто-копитрейдинг с реф-ссылками, пампы",0.308,0,930
2490032478,دستخط | هوش مصنوعی,dastkhatd,useless,infobiz,0.85,"обучение заработку на контенте, инфобиз-воронка",0.0,0,0
2690039051,CRYPTO GOTHAM CITY,Gotham_apps,useless,infobiz,0.85,"TON/крипто-гифты, тапалки, реф-воронки",0.7,0,923
3147604656,2030ai - школа изучения ИИ (AI),school2030ai,useless,infobiz,0.85,"школа 2030AI: анонсы мастер-классов, лид-магниты",0.006,1,84
3535614079,ALPHAEDGE SIGNALS,ALPHAEDGE_SIGNAL,useless,infobiz,0.85,"крипто-сигналы/скам: profit payouts, зазыв в VIP",0.0,0,0
3959205594,“VIP CRYPTO CASINO”,VIP_CRYPTO_CASINO,useless,infobiz,0.85,"крипто-сигналы entry/SL/TP, копи-трейдинг, продажа доступа",0.0,0,0
1138219339,Инсайды,coin_inside,useless,infobiz,0.83,"крипто-сигналы, обещания '10 тыс %', airdrop-халява, пампинг",,0,27205
1094435752,Квест Теория Каст и Ролей,alexkrol,useless,infobiz,0.8,"коучинг 'измени личность/касту', мало конкретики, крипто-кошелёк для донатов",,0,6528
1436080000,AI Journal,AIJourn,useless,infobiz,0.8,"ИИ-приманки на платные вебинары/курсы, рефералки",0.005,0,2934
2042038390,X100NABANK,X100NABANK,useless,infobiz,0.8,крипто-airdrop с реф-кодами и обещаниями x100,0.288,1,1581
2268140094,Наталья Брагарь ГРАНТЫ 💬,bragarnatalia,useless,infobiz,0.8,"коуч по миграции/грантам: распаковка суперсилы, лид-магниты",0.215,0,383
2431478241,Соло-Бизнес на ИИ и Маркетинге,product_leader,useless,infobiz,0.8,"мастермайнд Python за 3 месяца: обещания, рефки",0.044,1,79
3561943140,Дневник основателя | RealBrand,realbrandceo,useless,infobiz,0.8,"дневник основателя: вода про выгорание, продажа консультаций",0.0,0,0
3684687760,Navid AI Toolbox,Navidaitoolbox,useless,infobiz,0.8,"бизнес-коуч: AI-инструменты как лид-магнит, продажа консультаций",0.0,0,0
3735035242,Фабрика контента,content_atelier_digital,useless,infobiz,0.8,промо Фабрики контента: продажа AI-бота под советы,0.0,0,0
1288155192,Дина Дмитриева | из команды ПРОФИ,dina_profi,useless,infobiz,0.78,"коучинг/бухучёт: лид-магниты, вебинары, посты ни о чём",0.156,0,136
1421273754,Жизнь как новелла,art_alema,useless,infobiz,0.78,"Геймификация сторис/личный бренд: 'подписывайтесь, приглашайте', уроки, лид-магниты",0.035,1,1739
1827692471,ЗДЕСЬ ЖИВЕТ ЗДОРОВЬЕ,mani_mani_manis,useless,infobiz,0.78,"мотивашки, притчи и MLM (EWA), рецепты-наполнитель",0.181,1,716
2057366525,매운카레 카티마드 🥘,katimad,useless,infobiz,0.78,крипто-нод-фарминг (корейский) с реф-ссылками,0.1,0,0
2939625576,Олег Тестов | Соло-фаундер в найме,systems_in_life,useless,infobiz,0.78,"продажа схемы доп.дохода с AI, лид-магниты",0.169,1,217
2971430454,TONGGI SALOMLAR🌷,Xayrli_tong_Tabriklari,useless,infobiz,0.78,Узбекские открытки-поздравления ради объёма + навязчивые инвайт-ссылки в чужой канал,0.8,0,1593
3708709202,OpenClaw | AI-ассистент,myclawbot_ru,useless,infobiz,0.78,"продвижение платного OpenClaw-сервиса, MLM-партнёрка 20%",0.0,0,0
3784088822,AI От веб-кодинга к вайб-кодингу 🔥,ai_hub_money,useless,infobiz,0.78,"AI Хаб: заработай 30-500к, хайп-обзоры, дезинфо",0.278,2,327
1423789645,Cripto segnali Eu 🎯,criptosegnali,useless,infobiz,0.75,"крипто-сигналы с продажей VIP-группы, рефералки",0.1,0,0
2953145396,PROсвет души: Натали ProPsi🧘‍♀,prosvetdushinatali,useless,infobiz,0.75,"психолог-инфоцыган: банальности, вебинары Экспертум",0.516,0,209
2579698810,🌿Информация проКрипту💱,Allthecrypt,useless,infobiz,0.72,"поверхностные крипто-ликбезы с водой, призыв найти наставника",,1,292
1964228049,ШІ в Арбітражі,ai_aff,useless,infobiz,0.72,"арбитраж трафика, мифы о богатстве, продажа обучения",0.0,0,0
3351076621,Spirit,crypto_spirit_lt,useless,infobiz,0.72,"крипто-ментор: сигналы, зазыв в Academy за реакции",0.001,1,249
1436846838,Atoms Research,atoms_research,useless,infobiz,0.7,"Крипто-airdrop/NFT-фарм: задания, чек-листы активностей, призывы в Discord/Twitter",0.0,0,0
1411322612,코인소년의 크립토 이야기 🙋‍♂️🦅,coinboys,useless,infobiz,0.65,"крипто-аирдроп-фарминг: рефералки, обещания, шиллинг",0.3,0,0
3384815073,Котёнок Играет,Konmjd,useless,infobiz,0.62,Промо бесплатных нейросетей/пиратки/приложений с призывами 'заходи и тестируй' — приманка,,1,359
1478026303,Go Global World - Digital Silicon Valley ecosystem,GoGlobalWorld,useless,infobiz,0.62,"GoGlobalWorld: самопиар, призывы регистрироваться, вебинары",0.0,0,0
1194530865,PRO NFT,pronfti,useless,infobiz,0.6,"NFT/крипто с продажей вебинара 'всё о крипте за 60 мин', регистрацией и рефералами",,0,4290
1036417826,🎥 AUDIOLAR 🔊,AUDIO_HAZLLAR,useless,infobiz,0.55,Узбекские аудио-приколы с навязчивым 'распространяйте' и вступлением через joinchat — накрутка,0.2,0,502
1554210501,Marianna Travel,mariannatravel,useless,ad,0.97,"турагентство: горящие туры с ценами, телефонами",0.7,0,14761
1601277778,Анекс | Пегас | Корал | Самара | Кузнецк,travelrestart,useless,ad,0.97,"турагентство Самара: цены, призывы писать",0.446,0,5461
3811247063,VPN работает 24/7,artvpn_222,useless,ad,0.97,"реклама VPN 200₽/мес с кнопкой купить, мусор-хештеги",0.492,1,6399
2164405738,Мебельная фабрика HoReCa | KAIDZENDAO,kaidzendao_horeca,useless,ad,0.95,"производитель мебели HoReCa: распродажи, цены, заказ",0.245,0,112
2732806103,ZIKZAK.STORE,TG_ZIKZAK_STORE,useless,ad,0.95,"магазин техники ZIKZAK: цены, скидки, заказ",0.175,0,374
3729806198,VPN работает 24/7,artvpn_235,useless,ad,0.95,"реклама VPN: 3 дня бесплатно, спам-хештеги, рефки",0.492,1,18668
1857105323,Паттайя Барахолка,pattaya2nd,useless,ad,0.93,"сплошные объявления: страховки, обмен валют, продажа вещей",,1,786
2616040516,Горящие туры Ближе к Солнцу,tour_sale_k_solncy,useless,ad,0.93,"турагентство: горящие туры с ценами, заявки",0.339,0,221
1780592959,russia France,france_russian,useless,ad,0.92,продажа вейпов/одноразок с ценами и заказом,0.0,0,0
2948687304,QARINDOSHLAR KANALI,QARlNDOSHLAR_KANALI,useless,ad,0.92,"узбекский товарный спам: чудо-средства, наложка",0.649,0,550
1549583135,Arcadia Beach Resort Condo Pattaya / Аркадия Кондо Паттайя,ArcadiaBeachResort,useless,ad,0.9,"сборник объявлений Паттайи: аренда, трансфер, ивенты",,0,58
1711892506,Russians in Paris,russians_in_paris,useless,ad,0.9,"реклама услуг в Европе: депиляция, вакансии, табак",0.404,0,2317
1827338656,Недвижимость Таиланда ATHOME | Паттайя Пхукет,athomeasia,useless,ad,0.9,"реклама недвижимости в Таиланде: цены, лид-магниты",0.274,0,84
2068609541,🇫🇷 Beglarian Tissus 🇫🇷,beglarian_tissus,useless,ad,0.9,"рассылка магазина тканей: скидки 90%, промокоды",0.3,0,0
1853779109,Паттайя Чат 🏝️ Объявления | Таиланд,pattayachatthailand,useless,ad,0.88,объявления аренды недвижимости Паттайя с ценами,0.348,0,201
2141672482,Мамы/отцы в Таиланде 🇹🇭,moms_Thailand,useless,ad,0.88,товарка Lazada с ценами и партнёрками,0.575,0,55
2182225602,YEScale AI - Cộng đồng OpenAI - Claude Việt Nam,yescaleai,useless,ad,0.88,API-провайдер YEScale: продажа доступа к OpenAI/Claude,0.0,0,0
3032099125,"Турагентство ""География""",OOOevgiriia,useless,ad,0.88,"турагент: эмоц.реклама туров, MLM География",0.7,0,191
1616569278,🌤🌴 Джомтьен Паттайя чат,jomtien_chat,useless,ad,0.85,"доска объявлений Паттайя: тренер, аренда, кафе",0.2,0,0
1622600569,Men's Priority Club,MensPriorityClub,useless,ad,0.85,"барбер: реклама косметики, курсов, билетов",0.139,0,887
1768551477,"🥗🥙🍚🍱 Еда, Thai food. Весь Таиланд 🇹🇭",foodpat,useless,ad,0.85,"реклама товаров Lazada, кафе с ценами и ссылками",0.753,0,165
1850866131,Tech & AI SG,techinsg,useless,ad,0.85,"сингапурские affiliate-офферы на технику, рефки",0.0,0,0
1312110011,Русские во Франции. Чат.,russian_france,useless,ad,0.82,"спам-помойка: реклама знакомств, накрутка, SMM-услуги",0.449,0,24822
1750475343,🧑‍🍳ПАЗАНДА БЕКАЖОН🧑‍🍳,pazanda_bekajon_ayollar,useless,ad,0.82,"узбекские товарные офферы с ценами, спам",1.0,0,765
1732713411,Новости Кошелька,cryptowallet_news_cis,useless,ad,0.8,"@wallet: продвижение крипто-сервиса, розыгрыши TON",0.017,2,615
1939502654,Оқибатли қадрдонлар!!!,otam_onam_yaqinlarim_jigarlarim,useless,ad,0.8,"крем-отбеливатель с ценой, услуги логотипов, вода",0.497,0,1508
3365638267,CVE,cve0day,useless,ad,0.8,хакерский VIP-шоп: продажа шеллов/RAT по подписке,0.0,0,0
3700286254,Instagram Ban Unban Tiktok Facebook,cryptosinstagram,useless,ad,0.78,реклама серого сервиса разбана соцсетей + копипаста крипты,0.0,1,0
1881315245,АФИША ПАТТАЙЯ 🇹🇭 МЕРОПРИЯТИЯ,AfishaPattaia,useless,ad,0.75,"афиша услуг Паттайя: страховки, вакансии с ценами",0.759,0,90
2465379064,Обмен криптовалюты | CITYKRIPTO,citykripto,useless,ad,0.75,крипто-обменник CITYKRIPTO: новости-прокладка со ссылкой,0.175,0,3174
1161158152,Namoz Vaqti Taqvim,Nomoz_Vaqtlarim,useless,ad,0.72,узбекский микс: реклама видеорегистратора + религиозные открытки,0.609,0,252
1792022853,Perfecto,perfecto_department,useless,ad,0.72,"магазин одежды Perfecto: цены, призывы на примерку",0.28,0,1573
1806077373,Чат Развлечения Паттайя,Pattaya_Games,useless,ad,0.7,"анонсы тусовок, аренды байков в Паттайе с ценами",0.237,0,52
2408484404,Visario | Новости про нейросети | ИИ | Ai,VisarioChannel,useless,ad,0.7,AI-фотогенератор DreamPhoto: продвижение бота,0.208,1,505
2217621847,萌番组 Me Love You,bangumimoe,useless,copy,0.85,Авто-раздача аниме-торрентов: magnet-ссылки и метаданные с bangumi.moe,0.0,0,0
2245814676,Steam更新推送,sai_update,useless,copy,0.85,"Авто-фид новых релизов Steam: списки id/название/время, машинная перепечатка",0.0,0,0
3018570210,"Gojo Manga Titles | Новые главы манги, манхвы, маньхуа и ранобэ",GojoMangaTitles,useless,copy,0.85,"Автолента уведомлений о новых главах манги через бота, голый фид без подачи",0.47,0,5693
1497515539,The Bitcoin Street Journal,thebitcoinstreetjournal,useless,copy,0.8,"Автоперепечатка постов с одного крипто-сайта 1-в-1, спам-обещания заработка, без подачи",0.0,0,0
1825468065,Манга | NeLeaks,neleaks,useless,copy,0.8,"Бот-агрегатор манги: голые анонсы глав со ссылками, шаблон без подачи",0.0,0,53451
2564034177,CyberSec WriteUps,bugw9,useless,copy,0.8,Авто-алерты статей с Medium: шаблон дата/автор/заголовок/ссылка,0.0,0,0
1262554287,@Die_Unbeugsamen,freier_informationskanal,useless,copy,0.62,"Немецкая антиковид/NWO-конспирология; канал прямо заявляет, что пересылает чужое",0.0,0,50
1314840451,meditando,meditando,useless,copy,0.62,Итальянский канал духовных цитат — копипаста чужих цитат из книг без своей подачи,0.0,0,0
1321682917,🔥🌪️🧬HELIX🧬 für Freidenker🌪️🔥,HELIXfuerFreidenker,useless,copy,0.62,"Немецкая QAnon/выборы-2020 конспирология, репосты Corona-Ausschuss и Q-каналов",0.3,0,0
1122964207,ANTIVACCINE,antivaccin,useless,copy,0.6,"Антиваксерская ковид-конспирология (ро/англ), репост чужих постов и цитат активистов",0.0,0,0
1210813975,TheFuchserFiles,TheFuchserFiles,useless,copy,0.6,"Немецкая QAnon/Trump-конспирология, репосты X-22 Report с реквизитами донатов",0.7,0,50
1292940274,Rationales Great Awakening 🧐🤔💡😉,Rationales_Great_Awakening,useless,copy,0.6,"Немецкая QAnon/антиковид, репосты твитов и чужих каналов — перепечатка дезинформации",0.3,0,0
1337181243,Q.News - Global Awakening,qnews_qlobalawakening,useless,copy,0.6,"Немецкая антиковид/Q-конспирология, репосты qlobal-change и твитов",0.0,0,0
1338603068,Teich ️️️️️️,TeichWWG1WGA,useless,copy,0.6,"Немецкая Q/антиэлитная конспирология, репосты чужих переводов и статей",0.3,1,451
1464234155,✨✨✨ᵂᴬQᴱᵁᴾᵂᴼᴿᴸᴰ✨✨✨ 🄰🅁🄲🄷🄸🅅✨✨✨,waqeupworld,useless,copy,0.6,"Немецкая Q/Tartaria-конспирология, репосты твитов и чужих каналов",0.3,0,623
1972763250,Рассказы для души 🎀,rasskaz_dlya_dushi,useless,copy,0.6,«Рассказы для души»: тизеры чужих историй со ссылкой Читать продолжение,0.144,1,3407
2204513347,Owlvel,owlvel_creatives,useless,copy,0.6,"Дизайн-ресурсы и пиратский софт: списки ссылок и раздачи, перепечатка",0.0,0,0
1323834014,Patrioti per la liberazione- ARCHIVIO😎,Patriotiperlaliberazione,useless,copy,0.58,"Итальянская антиковид/'патриоти'-конспирология, репосты с 'condividi'",0.1,0,0
1341029034,chronisch gesund,chronischgesund,useless,copy,0.58,"Немецкая Q-конспирология (Q-drops, астрология), репосты Q74You и tagesereignis",0.0,0,0
1368935549,ℍ𝕚𝕟𝕥𝕖𝕣 𝕕𝕖𝕟 𝕂𝕦𝕝𝕚𝕤𝕤𝕖𝕟,hinter_den_kulissen,useless,copy,0.58,"Немецкая антиваксерская/Q-конспирология, репосты статей и чужих каналов",0.0,0,0
1091636339,ОНАЛАР КАНАЛИ _N1,Onalar_Kanali_Ayollar_Hikoyalar,useless,copy,0.55,Копипаста чужих узбекских стихов/нравоучений с призывами подписки,0.7,0,20465
1313219126,Q Patrioten News! Marijo,patriotiQbalkan,useless,copy,0.55,"Немецкая антиковид/Q-конспирология, репосты RT и других каналов",0.0,0,938
3721319346,Ты Легенда 🦁,ty_legend,useless,original,0.9,"мотивационные банальности Ты Легенда, вода",0.572,1,214
1785317863,W🌎RLD P🧩ZZLE,world_puzzle,useless,original,0.88,"QAnon/конспирология NESARA, DEW, дезинформация",0.2,0,0
1804132734,Razboiul contra ta (The war against you).,peterhouse23,useless,original,0.85,"румынская антивакс/конспирология, дезинформация",0.0,0,0
1924990383,✧ | ᴠᴀᴍᴏs ᴀ ᴄᴀsᴀʀɴᴏs |,vamos_ss,useless,original,0.85,"подростковые игры-знакомства, списки ников, пусто",0.354,1,162499
2295935311,golden lily cf & daily . www 🪷🧀,GoldenLily_011,useless,original,0.85,"фан-конфешн по шипперскому пейрингу, нишево",0.9,0,206
1786886040,ВАЛЕНТИНА КОМИССАРЕНКО/ Нейрографика,valentinademehina,useless,original,0.82,"мотивашки про нейрографику, эзотерика без пользы",0.476,0,1068
1908559068,Pazanda ayollar,Salat_va_pishiriq_bekalar_uchun,useless,original,0.82,рецепты + религиозные пожелания + реклама похудалок,0.7,0,592
1674915221,qalwwa,qalwwa1,useless,original,0.8,"личный дневник подростка, без пользы для других",0.313,0,322
1693323837,counted ssh,countedssh,useless,original,0.8,"подростковый трэш-блог: мат, скам-крипта, без пользы",0.072,0,1936
1844469990,Тайны Диджитала,notbugbutfeature2024,useless,original,0.8,"кликбейт-новости с капсом ШОК/ОР, жёлтый стиль",0.033,0,1913
1950493870,Симоньян Маргарита,simonyan_margorita,useless,original,0.8,"кремлёвская пропаганда RT, отрицание Бучи, дезинфо",0.011,0,1579
2226815687,Короткие рассказы📚,mini_packaz,useless,original,0.8,"женские рассказы-страшилки, развлекательная вода",0.134,1,4912
2807544547,𝐕𝐏 𝐊𝐎𝐍𝐅𝐀𝐀𝐀[набор в адм],vip0mecto,useless,original,0.8,"подростковые фандомные confession-каналы, пусто",0.7,0,2434
1251782083,🐊Seva торгует🐊,sevaexp,useless,original,0.78,"личный блог про серые схемы, пустые посты про лайки, контента нет — вода",,0,527
1743918117,Podcast2.0,PodcastMS,useless,original,0.78,"банальные мотивашки про деньги, вода без конкретики",0.114,0,764
1967866152,"Движение Первых Емельяновский | О, КРУГ!",mypervieemelr,useless,original,0.78,"отчёты Движения Первых, ведомственная агитка",0.193,0,868
2929506020,˗ˏˋ OCA1B ´ˎ˗,OCA1B,useless,original,0.78,"фанфики по COD, нишевое творчество без пользы",0.7,1,100
1789402202,Веб Новости,netculturetech0,useless,original,0.75,"кликбейт-новости с непроверенными сенсациями, гонка за хайпом",,0,1885
1890269306,🌺𝐁𝐀​𝐗​​𝐓​ ​𝐊​​𝐎​‘​𝐂​​𝐇​𝐀​𝐒​​𝐈​🌺,Baxt_kuchasi01,useless,original,0.75,"узбекская проза/сериал-истории, фан-контент без пользы",0.9,0,1066
1968050683,Закрепи.sender,heartysender,useless,original,0.75,"блог про крипто-фарминг/airdrop, вода и спекуляции",0.117,0,217220
3490427327,ПРО ТВОЙ СВЕТ - ЭТО ТВОЯ СИЛА.🌞,training_rostov1,useless,original,0.75,"эзо-психолог: МАК-карты, аффирмации, донаты",0.406,0,747
1260415932,Dagmawi Babi,Dagmawi_Babi,useless,original,0.72,"личный блог школьника: лирика, мысли, пользы мало",0.0,0,0
1867184045,Музыкально-игровая Паттая,pesni_v_pattaya,useless,original,0.72,"блог про песни под гитару, тусовки, болтовня",0.254,0,556
2039352394,Nargiza USANBOYEVA,usanboyeva,useless,original,0.72,"религиозные дуа, рассказы, платный канал за 15к, вода",0.396,0,4253
2207225569,НЕЙРОВАЙБ,neiro_vibe,useless,original,0.72,"AI-новости с кликбейтом, эмодзи-спамом, фейк-генерация",0.28,1,1434
2466648030,Город Рассказов 🌇,gorodraskazi,useless,original,0.72,"бульварные рассказы с кликбейт-обрывами, наполнитель",0.134,0,1775
2639066958,Рассказы 📚,in_rasskaz,useless,original,0.72,"бульварные женские рассказы с обрывами, наполнитель",0.161,0,2409
3198115981,musicians confession[🫀🎼],musiciansconfession,useless,original,0.72,"чат музыкантов: поиск группы, общение без пользы",0.337,0,155
1308702886,☀️ Dan Diaconu,DanDiaconu,useless,original,0.7,"румынский конспирологический политблог, дезинформация",0.2,0,0
1706082502,ШАМСИНУР ижоди,SHAMSINURIJODI,useless,original,0.7,"узбекский: рассказы, стихи, продажа курса вязания",0.7,0,2723
1857929188,ТИЛАКЛАРИМ,tilaklarimZamzamaS,useless,original,0.7,"Узбекский канал пожеланий: шаблонные благопожелания и стихи, вода ради контента",0.7,0,2157
2097124648,Siam Oriental Condos Паттайя,siamcondos,useless,original,0.7,"чат жильцов кондо, споры, для широкой аудитории пусто",0.027,0,812
2448534602,Erocrypto Trading Channel,erocryptotradingchannel,useless,original,0.7,"крипто-блог: самопиар, сомнительные предсказания, реф-ссылки",0.0,0,0
2512674379,НАМОЗ ВАҚТЛАРИ | NAMOZ VAQTLARI,Namoz_Vaqt,useless,original,0.7,"религиозные назидания на узбекском, форвард-контент",0.7,0,405
2927148131,AI Photo STUDIO by RuslanKhazi,AiStudioRuslanKhazi,useless,original,0.7,"AI-портреты с водой про премиум-свет, мало конкретики",0.033,0,485
2468352050,"Канон? Не, не слышали",mylovehuaqing,useless,original,0.68,"фанфик-блог по анимэ-фандомам, нишевое без пользы",0.04,0,614
1179238799,БП онлайн,bponline,useless,original,0.65,"Беспощадный пиарщик: ироничная болтовня на политику, пользы мало",0.021,0,139556
1691774568,МОДАИДЕТ : АФИША,ModaidetPro,useless,original,0.65,"мода Юга России: анонсы показов, продажа билетов",0.176,0,1808
2871746364,🇺🇦 Код без меж 🇺🇦,codebezmezh,useless,original,0.65,"анонсер стримов по программированию (укр), объявления",0.3,0,0
2016759462,"Сабай-санук. 🇹🇭 Таиланд, общение, новости",sabai_sanuk,useless,original,0.62,"новости Таиланда смешаны с рекламой, контент ради вовлечения",,0,348
1485270733,ШАЙХ САБОҚЛАРИ,Shayx_Saboqlari_suralar_duolar,useless,original,0.6,"Узбекский исламский канал: суры, дуа, утренние пожелания; воды много, ценности мало",0.7,0,3560
1653389568,[штучний віталік],art_vtlik,useless,original,0.6,"AI-блог (укр): кликбейт-реклама Runway, эзотерика",0.0,1,0
2119084262,ИИзвестия 🤖,aizvestia,useless,original,0.6,"AI-новости с признаками слопа: восторг, эмодзи, вода",0.338,0,1513
2200003802,Profix,profix7777,useless,original,0.6,"крипто-новости с раздутой подачей, кликбейт, вода",0.0,0,0
3061072345,Вайбкодинг комьюнити,vibecoding_community,useless,original,0.6,"обрывки чата про AI/серверы, бессвязно, мало пользы",0.019,0,72675
1106957801,Anonyma,Bewusstseinswandel2020,useless,original,0.55,"Немецкая QAnon-конспирология; авторские тексты, но без ценности, дезинформация",0.0,0,257
1510161879,DEEPSTATE HUNTER CHANNEL NO.17 (PART3),DEEPSTATEHUNTERCHANNEL17,useless,original,0.55,"Немецкий конспирологический канал (чемтрейлы, биолаборатории), свои тексты но дезинформация",0.0,1,0
1052974022,Fashion Factory School,hacking_fashion,useful,infobiz,0.78,Fashion Factory School: советы по моде ведут на платные курсы,0.119,0,7024
3124480986,НейроАзбука,neiro_azbuka,useful,infobiz,0.62,"НейроАзбука: задания/промпты, но лид-магнит школы",0.217,0,279
1224515374,"Анна Артемьева ТА ""РИО""✈️🗺⛵",rioturkamensk,useful,ad,0.92,"турагентство: туры с ценами, отелями, бронирование",1.0,1,1272
2329264400,Света вокруг Света✈️✈️✈️,tur_irk_Sveta,useful,ad,0.9,"турагент: туры с отелями, ценами, заявка",1.0,0,187
2383371960,Ваш турагент Vikki 🌍,vikkitours,useful,ad,0.9,"турагент: горящие туры, призыв писать в личку",0.325,0,1452
1293157156,DIVENT - ДИДЖИТАЛ ИНТЕРАКТИВЫ,diventdigital,useful,ad,0.85,"Divent: реклама ивент-интерактивов, бронирование",0.216,0,159
1423584530,"КОРЕКС | Авто из Кореи, Китая и Японии",korex_official,useful,ad,0.85,"экспорт авто из Кореи: схемы оплаты, машины с ценами",0.276,2,3429
1607935622,Seven Seas Condo Pattaya,sevenseascondo,useful,ad,0.85,"Доска объявлений Паттайи: аренда/продажа/услуги, цены и контакты",0.25,0,987
2018612012,Турагентство Азбука Стран,azbukastran,useful,ad,0.85,"турагент: туры с отелями, ценами, призыв писать",0.7,0,1972
2095510087,ПУТЕШЕСТВУЕМ ВЫГОДНО,travel_vigoda,useful,ad,0.85,подборки туров с ценами и реф-ссылками,0.433,0,2105
2252699103,Костя Бектяшкин - эксперт по Китаю,kostya_cn1_gp,useful,ad,0.8,"карго из Китая: тарифы, доставка, поиск поставщиков",0.394,0,201
1212044473,کالج صنایعشو‌‌| آموزش و مشاوره شغلی و مشاوره درآمدزایی و مشاوره کسب و کار,sanayesho,useful,ad,0.78,"персидский инжиниринг: вакансии, реклама услуг, контакты",0.0,0,0
1401131635,"Биогранд - питомец доволен, хозяин счастлив!",biograndsamara,useful,ad,0.78,"зоомагазин: товары, корма, скидки + советы о питомцах",0.146,0,1248
1500647848,Паттайя Барахолка №1 🇹🇭 Объявления 🇹🇭 Таиланд,pattaya01,useful,ad,0.78,"барахолка/услуги Паттайи: техника, байки, страховки",0.504,0,4132
2193648888,НЯНЯ ПАТТАЙЯ-БАНГКОК,nannyPattayaBangkok24,useful,ad,0.78,доска объявлений нянь в Паттайе с оплатой,0.0,0,0
2435531747,«ФАНТАЗЁР» Музыкальное комьюнити 🎸🎵📍Паттайя / Pattaya,jamfantazer,useful,ad,0.78,"доска русских в Паттайе: поездки, аренда, BBQ с ценами",0.995,0,59
2529177525,ПОДРАБОТКА САНКТ-ПЕТЕРБУРГ,spbrabota77777,useful,ad,0.78,доска вакансий СПб с зарплатами и контактами,0.218,1,2048
2022327965,فرص عمل مهندسين عمارة و تصميم داخلي و ديكور,Jop_opportunities_for_engineers1,useful,ad,0.75,"Арабская доска вакансий для архитекторов/инженеров: требования, контакты для CV",0.0,0,0
1319806235,Furry Yana,furryyana,useful,ad,0.7,"фурри/пристрой животных: объявления о продаже, сборы",0.244,0,655
1329220569,Паттайя на опыте ;),thaiLife,useful,ad,0.7,объявления аренды жилья/байков в Паттайе + советы экспатам,0.125,0,1200
1611089655,Паттайя 🇹🇭 Чат обо всём!,PattayaVse,useful,ad,0.7,тай-визаран/услуги + новости о визах,0.48,0,715
1863378485,🔥🔥🔥ТУРЫ🔥🔥🔥,deluxtour,useful,ad,0.7,турагентство: туры с ценами + подборки гостинцев,0.651,0,827
1770860520,ПАТТАЙЯ ЧАТ 🇹🇭 ОБЪЯВЛЕНИЯ,ArendaPattaia,useful,ad,0.62,"доска объявлений экспатов: аренда, страховки, туры",0.407,0,19987
1028916447,HABR FEED + OPENNET,tmfeed,useful,copy,0.85,"Автопостинг статей habr.com: заголовок, ссылка, теги, автор — машинная перепечатка",0.0,0,2232
1273446931,Freelancer | Freelance | Find Jobs & Projects,Freelanceroff,useful,copy,0.85,"Лента вакансий freelancer.com: описание+ссылка+бюджет+заказчик, автоперепечатка биржи",0.0,0,0
1323749868,Frandroid - Non Officiel,FrandroidNews,useful,copy,0.85,"Французский: автопостинг твитов @Frandroid через 'via Twitter', дословные репосты",0.0,0,0
1478971868,Upwork вакансии | Веб Дизайн | Web Design,upwork_design_job,useful,copy,0.85,"Лента вакансий Upwork: описание+скиллы+страна+'click to apply' via RSS, автоперепечатка",0.0,1,108
3726289384,🫠太苏的声线请自备冷静剂🔥,EK1IVV6NRZ,useful,copy,0.85,"Дословный репост новостей 金色财经 со спам-тегами, без отбора и подачи",0.2,1,0
3785703123,校园新闻探讨 💭：如何平衡学习与兴趣？⭕️,WIVZ6KYHYM2P,useful,copy,0.85,"Дословный репост крипто-новостей 金色财经 со спам-тегами, без подачи",0.3,1,0
3872890653,布宜諾斯艾利斯報🇦🇷♥️,FU606Q5WM2U,useful,copy,0.85,"Дословный репост новостей 金色财经, перепечатка одного источника",0.3,1,0
3978295586,声音好听腿也好看🦵‼️,R0NZ9V73K,useful,copy,0.84,Дословный репост крипто/экономических новостей 金色财经 со спам-тегами,0.2,1,0
3988136313,🌱 生态意识与教育‼️,N0UQ8G0DZ7V42,useful,copy,0.84,Дословный репост экономических/крипто-новостей 金色财经 без своей подачи,0.2,1,0
3899778031,今晚月色真美🌹♥️,ADJNYYF9,useful,copy,0.83,Перепечатка финансово-геополитических новостей 金色财经 без подачи,0.3,1,0
1282795327,"ГТРК ""Калуга""",gtrk_kaluga,useful,copy,0.82,Заголовок+ссылка только на gtrk-kaluga.ru с фрагментом; автопостинг одного СМИ через smmbox,,0,40538
1256234197,Ziare.com,ziarecom,useful,copy,0.82,Румынские новости: заголовок+ссылка ziare.com с абзацем; автопостинг одного источника,0.0,0,0
1277159726,CoolGithubProjects,r_CoolGithubProjects,useful,copy,0.82,"Лента GitHub-проектов с r/coolgithubprojects: описание+github+redd.it, автоперепечатка",0.0,0,0
1478304601,RSS集合(Yiove RSS),YioveRss,useful,copy,0.82,"Лента NodeSeek/V2EX: заголовок+Telegraph+ссылка на оригинал, автоперепечатка форумов",0.0,0,0
1475971164,radio-t,radio_t_podcast,useful,copy,0.8,"Анонсы Радио-Т: темы+тайм-коды+ссылки на radio-t.com, автоперепечатка подкаста",0.0,2,206
1895128149,Cointime中文资讯,cointime_cn,useful,copy,0.8,"Китайские крипто-флеши с Cointime, перепечатка 1-в-1 с -Read More",0.0,0,0
2861071997,Claude Code Changelog Alerts,ClaudeCodeChangelog,useful,copy,0.8,Дословные релиз-ноуты Claude Code из официального источника без своей подачи,0.0,0,0
1139528112,Siam Blockchain,siamblockchain,useful,copy,0.78,"Тайский siamblockchain: заголовок+ссылка на собственный сайт, перепечатка без отбора",0.0,0,0
1406593521,NTS Radio Archive,nts_radio_archive,useful,copy,0.78,"Архив NTS: описание шоу+треклист+ссылка nts.live, автоперепечатка эфиров",0.0,0,0
1284746693,DiarioBitcoin.com,diariobitcoin,useful,copy,0.75,"Испаноязычный крипто: ссылки на свой diariobitcoin/рассылки, перепечатка издания",0.0,0,0
1421716094,AI一线｜ShareCentre,ShareCentre,useful,copy,0.75,"Китайский VPN: дамп vmess/clash-подписок и инструкций, посты 'via @...' — перепечатка фидов",0.0,0,0
1735415137,比推BitpushNews,bitpush,useful,copy,0.75,Китайские крипто-новости с одного источника 比推/bitpush 1-в-1 со ссылкой 来源,0.0,0,0
2482331466,MarsBit（火星财经）,Marsbit2022_New,useful,copy,0.75,"Китайские крипто-флеши с 火星财经/marsbit, перепечатка 1-в-1 с 原文链接",0.0,0,0
1228606812,مهندسی داده,bigdata_ir,useful,copy,0.72,"Персоязычный data-science: заголовок+is.gd-ссылка на свой сайт+теги, перепечатка сайта",0.0,0,0
1291359518,Cointime,cointime_en,useful,copy,0.72,Англоязычные крипто-новости (Cointelegraph/Cointime) дословно с 'Read More' utm,0.0,0,0
3601900495,Twitter Unban Tiktok,Twitter_ban_Tiktok,useful,copy,0.72,Перепечатка крипто-новостей с X со ссылками без отбора и комментария + промо-инвайт,0.0,0,0
1362280865,dev.by: главные ИТ-новости Беларуси,devby,useful,copy,0.7,IT-новости с ссылкой исключительно на dev.by — перепечатка одного источника,,0,13446
1130251021,TGBQ币圈计划,TGBQjh,useful,copy,0.7,Бот-мониторинг крипторынка + перепечатка новостей BlockBeats — машинная агрегация фида,0.0,1,0
2245105257,Entrepreneur Crypto,Entrepreneureu,useful,copy,0.7,"Перепечатка ссылок на Entrepreneur.com с заголовком и аннотацией, один источник",0.0,0,0
2525323525,哈世链闻快讯推送,hashnewsHongKong,useful,copy,0.7,"Китайские крипто-новости с 哈世链闻/hashnews 1-в-1; есть свой午报-дайджест, но в основном перепечатка",0.0,0,0
2234045610,The Economist web3.0,theeconomistnew,useful,copy,0.65,Голые ссылки на The Economist без комментария; перепечатка одного источника,0.0,0,0
1359496046,ШАЙХ САБОҚЛАРИ ️️,ShayxSaboqlariuz,useful,copy,0.62,Узбекский религиозный Q&A: перепечатка фетв savollar.islom.uz с призывами распространять,0.9,0,5518
1451080566,UZBOOM,UZBOOM,useful,copy,0.62,Узбекский UZBOOM: происшествия/слухи с #Тарқатинг и joinchat — перепечатка с накруткой,0.328,0,15857
1136214108,Om1: Новости Новосибирска и России,Om1_nsk,useful,copy,0.6,Перепечатка официальных COVID-сводок и происшествий по Новосибирску без своей подачи,,0,25148
2744908471,SeedOSS Cloud,emadclouds,useful,copy,0.6,Перечни фич приложений/модов — перепост README/описаний проектов без подачи,0.0,0,0
1114106002,Рунет (Новости про ИТ),runet,useful,copy,0.55,"Российские IT/телеком-новости, репосты Reuters/Коммерсантъ/WSJ без кураторской подачи",0.006,0,11345
1126965070,ЗаДень - Boryaba AI News,boryabanews,useful,aggregator,0.85,Структурированные SMM/маркетинг-дайджесты по рубрикам со ссылками на множество источников,0.011,3,449
2184417466,Лента AI новостей by KIRRO Digital,lenta_AI,useful,aggregator,0.85,Дайджест AI-новостей: компиляция из разных TG-каналов с пересказами и ссылками,0.0,2,1808
2401082051,🔥 Hacker News Active 🔥 台灣繁體中文,HackerNewsActiveZhTW,useful,aggregator,0.85,Курируемый дайджест Hacker News: авторские саммари топовых постов на китайском,0.2,0,0
1677579719,V2EX,pushv2ex,useful,aggregator,0.8,"Курируемый дайджест V2EX/Solo: вопросы программистов, вакансии, релизы с via-источником",0.0,0,0
1809784088,ChatGPT / AI新闻聚合,AI_News_CN,useful,aggregator,0.8,Курируемая лента китайских AI-новостей из разных источников с via и переводом,0.0,0,0
2166879417,Data&AI Insights,data_ai_insights,useful,aggregator,0.8,Курируемый дайджест tech/data-статей со своими переводами-саммари и ссылками,0.149,1,143
2178861768,AI&科技资讯|24H更新,zhihu2024,useful,aggregator,0.8,Курируемая лента китайских новостей из разных источников с via и автором,0.0,0,0
2353746167,LinuxDo 新帖推送,LinuxDoNew,useful,aggregator,0.8,Курируемый дайджест тем linux.do из разных разделов с заголовком/автором/превью,0.0,0,0
2424994873,the daily AI • vn,thedailyaivn,useful,aggregator,0.8,"Вьетнамский AI-дайджест 'curated by human, summarized by AI': саммари со ссылками",0.0,0,0
3750977431,The Feed,stockmapthefeed,useful,aggregator,0.8,"Кураторский дайджест The Feed: своя рубрикация война/рынки/тех, отбор из многих источников",0.0,0,0
1040370540,Mobile Development by AppTractor,apptractor,useful,aggregator,0.78,IT/стартап-дайджест со своими комментариями и ссылками на разные источники,,1,4150
3821291333,X AI Signal | 技术高频,x_to_agi,useful,aggregator,0.78,Дайджест мнений из X по AI с тематической группировкой и своими выводами,0.0,0,0
3928183383,Wizz AI,aiwizz,useful,aggregator,0.77,"Кураторская сводка фондового/AI-рынка: свои заголовки, агрегация многих источников",0.0,0,0
1492512404,微信搬运工,wxbyg,useful,aggregator,0.75,"Курируемая лента китайских лонгридов: свои telegra.ph-копии + ссылки на оригиналы, отбор статей",0.0,0,0
1626217905,НЯН · Технологии,nyannews_tech,useful,aggregator,0.75,Авто-агрегатор IT-новостей из разных TG-источников с указанием источника и просмотров,0.121,0,25767
2416441486,GitHub Open Source,GitHub_Open_Source,useful,aggregator,0.75,Курируемая лента GitHub-проектов: структурированные карточки с отбором репозиториев,0.0,0,0
2417969414,Новости AI и Нейросетей с Сашей Мальцевым,maltsevdaily,useful,aggregator,0.75,Ретранслирует AI-посты из разных каналов с источником + свои промпты; компиляция,0.281,0,126
2494609700,linuxdo新帖推送,linuxdo_tg,useful,aggregator,0.75,Дайджест тем linux.do: тема/автор/тег/время/превью из разных разделов,0.0,0,0
2590164156,GitHub 🇺🇦,git_ua,useful,aggregator,0.75,Украинский GitHub-дайджест: карточки репозиториев со своим описанием фич и рейтинга,0.2,0,0
3681261276,技术拾荒者,tech_scavenger,useful,aggregator,0.75,"Дайджест из разных источников (v2ex, релизы софта) со своей компоновкой; есть реклама",0.0,0,0
1305205308,&'a ::rynco::UntitledChannel,rynif,useful,aggregator,0.7,Китайские подборки из разных источников (Weibo/Solidot/App Store/jandan/GitHub),0.0,0,0
1455453506,Jobs For All,financejobs4all,useful,aggregator,0.7,Индийские вакансии из разных компаний (KPMG/TCS/EY) с контактами — подборка куратора,0.0,0,0
2185083881,🪙 ECONOMÍA Y FINANZAS 📊,Economia_Y_Finanzas,useful,aggregator,0.7,Испаноязычный крипто/финдайджест: подборки заголовков из разных источников,0.2,0,0
2252491548,Yahoo Finance | Web3,yahoofinanceweb3,useful,aggregator,0.7,Курируемая лента крипто/security-постов из X.com и СМИ с ссылками,0.0,0,0
3714344818,AI_Innovation_Studio,aiinnovationstudio,useful,aggregator,0.68,Кураторский дайджест AI/SW-заголовков из многих источников; один пост — реклама ChatGPT-аккаунтов,0.0,0,0
2261046428,NEUROPUNK,neuropunken,useful,aggregator,0.65,NEUROPUNK: анонсы своих ботов + подборка AI/cyber-новостей с источником,0.0,0,0
1438787549,Don't Panic Junior IT Jobs,Job_IT_Junior,useful,aggregator,0.62,Украинский IT: подборки вакансий/курсов/волонтёрства с тегами #корисно — отбор и подача,0.011,2,133
1317902415,吃瓜曝光,leqcg,useful,aggregator,0.55,Китайский: авторский личный текст + перепосты судебных/новостных сводок из разных мест,0.0,0,0
1418550914,Новости Госдумы,gosdumanews,useful,aggregator,0.55,Российские госдума/политновости из разных источников с подписями и тегами — подборка,0.139,0,2175
1065632275,БлоGнот,blognot,useful,original,0.92,"личный авторский блог: разбор IT-новостей, свои мнения и анализ",,0,6662
2674365272,Нейроскуф | Про Нейросети&AI,neyroskuf,useful,original,0.9,"авторские разборы нейросетей: установка Ollama, VBA-код, тест ChatGPT — реальная польза",,0,627
1448607506,Windows Club | КДЧ,pcTeapot,useful,original,0.9,"авторские обучающие инструкции для новичков ПК, конкретная польза",,0,6415
1105926780,EDU,ProductsAndStartups,useful,original,0.9,"блог о продуктовой аналитике и стартапах, личный опыт",0.006,1,1153
1583655041,Агентство. Новости,agentstvonews,useful,original,0.9,издание: проверенные новости со ссылками,0.001,0,10289
2273349814,Refat Talks: Tech & AI,nobilix,useful,original,0.9,"блог предпринимателя об IT/AI: retention, Product Hunt",0.016,2,222
2374755610,IT Does Matter,comol_it_does_matter,useful,original,0.88,"авторский экспертный IT-блог: личный опыт, разбор СУБД, провалы проектов",,1,1369
1185396158,Highload — медіа для розробників,highloadtoday,useful,original,0.88,"авторский IT-дайджест: разборы OpenAI, Swift-паттерны со своей подачей",,0,2709
1429405274,Системный гуманИИст - блог Романа Воробьёва,FirstonOzon,useful,original,0.88,"личный опыт продавца на маркетплейсах: алгоритмы защиты ИС, сертификация, практичная экспертиза",,0,1172
1207434315,do...while...ai,doowhile,useful,original,0.88,"техноблог: инструкции Headless Chrome, RAG, личный опыт",0.009,2,207
1405350984,Data Їнженер,data_engineer_ua,useful,original,0.88,"дата-инженерия: dbt, Pandas, дата-контракты, тех-разборы",0.0,0,0
1879711135,Сергей Предводителев,sergei_predvoditelev,useful,original,0.88,"блог PHP/Yii-разработчика: релизы, рефакторинг",0.068,2,245
1910171669,BotHub AI News Digest,bothub,useful,original,0.88,"содержательные AI-новости с источниками, рерайт",0.041,1,722
3011158109,Кот Денисова,itDenisov,useful,original,0.88,"разработчик: сравнение Rust/Swift с кодом, экспертиза",0.142,0,151
3742987448,67ai,sixsevenaitech,useful,original,0.87,разборы AI-инструментов/агентов с анализом,0.0,0,0
3802616729,Полный отельец,fullhotel,useful,original,0.86,"разборы гостиничного бизнеса: KPI, FOMO, OTA, цены",0.0,0,0
1480197231,"Поляков считает: AI, код и кейсы",countwithsasha,useful,original,0.85,"личный блог: рабочие инструкции, разборы AI, конкретика и личный опыт",,1,225
1136605823,Бойлерная,boilerroomchannel,useful,original,0.85,"инсайдерский канал про бизнес/власть со ссылками, свои разборы",,0,23140
1001079551,亂gad | randgad podcast,randgad,useful,original,0.85,техно-подкаст на кантонском: разборы новостей AI/гаджеты/SpaceX,0.0,0,0
1200168356,"Гриненко про ИИ, бизнес и образование",devspotting,useful,original,0.85,"фронтенд-разработчик: доклады, обзоры AI-инструментов",0.014,1,141
1326068054,Нейросети: магия искусственного интеллекта,hirearobot,useful,original,0.85,"заметки про практическое использование ИИ, LLM, конкретные кейсы",0.119,1,382
1429441010,Synaptic Garden,synaptic_garden,useful,original,0.85,"AI-новости с разбором: тарифы Anthropic/OpenAI, факты, инструкции",0.006,1,147
1441630965,Max Syabro and a Slop Driven Development,syabro_notes,useful,original,0.85,"dev-блог: инструменты, shell-алиасы, авторские заметки",0.015,0,421
1560354715,лапчик царапчик,lapchik_tsarapchik,useful,original,0.85,"блог: обзоры городов, IT-сервисов, личные наблюдения",0.113,0,1166
1581248640,ТУЛАСМИ | Регион71,tulasmi,useful,original,0.85,региональные новости Тульской области,0.123,0,27788
1589632387,ОП - новости про Linux и всё что связано с it,ObychnyPolzovatelNEWS,useful,original,0.85,"блог про Linux/российское железо, личный опыт",0.003,0,4940
1613689879,Галактическое путешествие,cosmicuniverseviews,useful,original,0.85,космос/астрономия: подборки снимков с фактами,0.087,0,1748
1652214258,Pavel Korolev. Потяжелее,pavelkorolevxyz_channel,useful,original,0.85,"блог разработчика: разборы инструментов, мнения",0.015,0,376
1719673320,Паттайя 🇹🇭 Пхукет Новости,Novosti_Thailand,useful,original,0.85,"тай-новости с локациями: события, инфраструктура",0.477,0,193
1728423897,Satont.,satontdev,useful,original,0.85,"блог разработчика: мнения о технологиях, опыт",0.003,0,600
1748836449,ForkLog UA,forklogUA,useful,original,0.85,"крипто-дайджест ForkLog UA: новости, цифры, ссылки",0.0,0,0
1842072335,Алексей Гладких: Разработка Через Тупость,gaxeliy_tdd,useful,original,0.85,"блог про программирование: книги, библиотеки, мнения",0.013,0,756
1909270971,ИИволюция 👾,ai_volution,useful,original,0.85,"блог про AI/промптинг, личный опыт, наблюдения",0.238,1,1129
1990510127,面条实验室,miantiao_me,useful,original,0.85,заметки разработчика: Cloudflare/WASM/CSS с кодом,0.0,0,0
2056909974,Андрей | 🇨🇳 Анализ,china_social_commerce,useful,original,0.85,экспертная аналитика китайского рынка с цифрами,0.305,0,376
2171309227,Roman App$,sam_sebe_ceo,useful,original,0.85,"блог инди-разработчика: ценообразование, App Store",0.042,0,138
2450426298,Maple Barrel,maplebarrel,useful,original,0.85,разборы канадской политики с фактурой и аналитикой,0.052,0,3107
2493286662,Департамент Разработки,DevQ_A,useful,original,0.85,"IT/кибербез-разборы: CVE, отчёты, релизы, живой стиль",0.054,1,437
2595165285,Заместители,aideputies,useful,original,0.85,"блог про ИИ-агентов: обзоры, эксперименты, статья на Хабр",0.06,2,187
3249743986,Похек AI,poxek_ai,useful,original,0.85,"ML-безопасность: MLSec-доки, инструменты, отчёты",0.081,1,258
1009933609,Киря,greenblog,useful,original,0.83,"интеллектуальный блог: цитаты, рекомендации научпопа, своя кураторская подача",,0,129
2525515531,Багодельня Соколовского 👾,makebugger,useful,original,0.83,"блог ИИ-инженера: практика по агентам, личный опыт",0.147,1,101
2989691770,AI for Devs,ai_for_devs,useful,original,0.83,"дайджест AI-новостей с пояснениями, рерайт",0.052,1,220
3898783328,박재홍의 실리콘밸리,pjh_sv,useful,original,0.83,корейские авторские обзоры AI/tech со ссылками на блог,0.0,1,0
1077646875,ScrumTrek,scrumtrek_official,useful,original,0.82,"авторский канал про Agile-конференции, экспертная инфа + реклама билетов",,1,1160
1437485030,Голос Технократии,technokratos,useful,original,0.82,"авторский tech-канал: дайджесты со своими комментариями, разбор искажений",,0,2763
1219878246,Python Portal,PythonPortal,useful,original,0.82,"Python/DevOps: разборы Docker, обзоры опенсорс с пояснениями",0.1,2,180
1299080443,КультТорг блог,culttorg_eco,useful,original,0.82,"эко-активизм Казань: анонсы своих мероприятий, отчёты",0.263,0,1141
1415696625,Better Trader,DannyTheTrader,useful,original,0.82,"трейдинг-аналитика: техники разворотов, статистика, конкретика",0.079,0,1385
1466360122,МінШІфра,minshifra,useful,original,0.82,AI-новости на украинском с переработкой источников,0.0,0,0
1805352282,Ion Gîlea,IonGilea,useful,original,0.82,"молд. техно-новости со ссылками, конкретика",0.0,0,0
1934176807,AI Новости — ChatGPT | Claude | Нейросети,ai_chatbots_news,useful,original,0.82,"AI-новости с цифрами и разбором, рерайт",0.073,1,152
2155115364,RUS TILI | MOHIRA ERDANOVA,erdanovamohira,useful,original,0.82,"уроки русского для узбеков: лексика, падежи, разборы",0.674,0,1197
2180971711,ALT StarterKit (P11),alt_gnome_starterkit,useful,original,0.82,"новости пакетов ALT Linux: changelog, релизы",0.127,1,651
2278966453,Comfy UIX,comfyuix,useful,original,0.82,"обзоры нейроинструментов для VFX: SAMURAI, Codex",0.025,1,582
2367561713,дневник лоубанка,dnevnlow,useful,original,0.82,"аналитика airdrop/web3 с матерком: OpenSea, Irys",0.0,0,0
2448797955,Директор Крипты,crypt_forex,useful,original,0.82,"крипто-новости со ссылками, фактура, своя оценка",0.235,2,761
2547977454,Илья Измайлов — Vibe living,ilia_izmailov,useful,original,0.82,build-in-public блог инди-разработчика: цифры расходов,0.036,1,136
2702473127,DEKSDEN notes,deksden_notes,useful,original,0.82,"заметки про ИИ-инструменты разработки, экспертно",0.064,2,583
2854567095,🍅 🐊 Аи Помогатор,ii_pomogator,useful,original,0.82,"заметки про Claude Code/MCP/агентов, практика",0.253,0,182
2917875465,Баг за бабки 🤖 AI практика,bugzabucks,useful,original,0.82,"заметки про вайб-кодинг, конкретные инструменты",0.196,0,59
3013763702,🤖 Пост ИИ — Искусственный интеллект,aipost_ru,useful,original,0.82,"Авторски пересказанные AI-новости на русском с фактурой и контекстом, свой рерайт",0.185,2,134
3546499993,OpenClaw канал про ИИ-агентов,openclawc,useful,original,0.82,"разборы продукта OpenClaw: релизы, настройка, аналитика токенов",0.076,2,304
1968557132,NΞXUS,newsnexusai,useful,original,0.8,авторские крипто/макро-сводки с фактами и источниками,,2,187
1629571532,Искин media,iskinmedia,useful,original,0.8,"крипто-канал про airdrop с конкретными инструкциями, рабочая ниша-инфа",,0,380
1503909517,Дело не в кофе,baristasss,useful,original,0.8,"блог фаундера про кофейни: кейсы, цифры продаж, рефлексия",0.075,0,1402
1579825926,Psy Forest Family,psyforestfamily,useful,original,0.8,"личный блог: стройка, быт, семья, конкретика",0.007,0,433
1585487065,Нейроканал,neuro_channel,useful,original,0.8,"Авторский канал Tproger по ИИ/ML: свои обзоры с комментариями, подборки библиотек и видео",0.0,0,1672
1688555579,احسان خسروی 🌐 تجربیات و نکات سئو آف پیج,ehsankhosravi_seo,useful,original,0.8,"SEO (фарси): разборы алгоритмов Google, экспертно",0.1,0,0
1734877017,Andrii.AI,AndriiAI,useful,original,0.8,AI-блог (укр): разборы новых моделей с контекстом,0.0,0,0
1751839121,ИА «Социальные Сети»,snetworks,useful,original,0.8,IT-новости со ссылками на первоисточники,0.003,0,2284
1843146567,ИИздец/Дайджест,next_periods,useful,original,0.8,"AI-новости с разбором релизов, рерайт с аналитикой",0.0,0,0
2009271609,Founder Mode,foundermodeon,useful,original,0.8,"предпринимательский блог: нетворк, найм, опыт",0.022,1,106
2090605973,PRO AI,akmal_pro_ai,useful,original,0.8,"курс AI с нуля: LLM, агенты простыми словами",0.018,2,76
2110712053,THAI.PRO | Новости Таиланда,Thai_PRO_channel,useful,original,0.8,новости Таиланда + партнёрские ссылки в подвале,0.102,1,203
2318828601,1st AI WEEKLY DIGEST,ai_weekly_digest,useful,original,0.8,AI-дайджесты и разборы моделей с оценками,0.036,1,940
2452244273,PATTAYA MOTION INC.,pattaya_motion_inc,useful,original,0.8,"блог беговой группы: расписания, отчёты, заметки",0.177,0,419
2593553072,Код нашего разума,CodeOurMind,useful,original,0.8,"ИИ-блог: разборы конференций, история ИИ, обзоры",0.135,1,67
2645680328,НейроВайб ИИ // Армен Амирханян,neurovibe_ai,useful,original,0.8,"заметки про ИИ-инструменты, агентов, выбор LLM",0.0,0,0
2651145237,КайфКодинг,VibeCodingArtem,useful,original,0.8,"ИИ-блог: разборы YC RFS, Gemini CLI, аналитика",0.037,1,357
2759587905,"Женя, расскажи про AI",that_ai_guy,useful,original,0.8,"ИИ-блог: обзоры моделей, личное мнение и тесты",0.022,2,60
2933149495,Высоконагруженный кабанчик,data_intensive_boar,useful,original,0.8,дневник AI-инженера: челлендж с локальными моделями,0.007,2,83
3687920115,ai проделки Насти Бир,aibirn,useful,original,0.8,"дневник разработки: AI-бот, генерация каталога, опыт Claude Code",0.118,2,95
1408939079,Startup School,StartupSchoolOnline,useful,original,0.78,авторские посты про стартапы с конкретными советами на базе YC,,0,4476
1098261237,🔥 GESS ▪︎ заметки на полях ◾︎,GessOlga,useful,original,0.78,"авторский SMM/новостной: лайфхаки охватов, разбор уловок инфоцыган",,0,1275
1106998917,КСТАТИ,kstati_p,useful,original,0.78,новостной/аналитический с авторской подачей политэкономики,0.013,0,21553
1448431624,Haiku,samurai_haiku,useful,original,0.78,"инженерный блог: Clojure, PostgreSQL, тех-экспертиза",0.02,0,460
1469997644,Виза в Таиланд ✈️ Тай,vtai_ru,useful,original,0.78,"опыт по тайским визам/паспортам, реальные кейсы",0.255,0,194
1483105373,កម្ពុជា ៤.០ - Cambodia 4.0,cambodia4point0,useful,original,0.78,"кхмерский цифровой ликбез: уроки Facebook/Google, обучение",0.0,0,0
1802165565,Thailand_Thai 🇹🇭 🌴,Tailand_Thai,useful,original,0.78,"новости для русских в Таиланде: происшествия, QR",0.3,0,0
1868913917,​أدوات وأخبار الذكاء الاصطناعي | AI Tools & News,fa_tv,useful,original,0.78,"арабоязычный AI: разбор исследований, security LLM",0.0,0,0
1884458659,Технозаметки Малышева,tsingular,useful,original,0.78,"AI-новости с разбором: роботы, инвестиции, ссылки",0.031,1,5674
1906991739,Merge | Crypto Feeds,Mergecrypto,useful,original,0.78,крипто/макро-новости с фактами на узбекском,0.0,1,0
1935988068,Kumar & Solo,solokumi,useful,original,0.78,"блог про бизнес/маркетинг, опыт + саморекламы",0.02,1,300
2110095907,"Vibe Coding: OpenCode, Claude Code, Codex, Cursor, Kilo",prog_ai,useful,original,0.78,разборы AI-агентов/Claude Code с тестами,0.01,2,213
2353928340,大型土豆喵农场,tcdw_channel,useful,original,0.78,"личный блог (китайский): наблюдения, git-рецепт",0.0,1,0
2685137647,"nVision Digital AI בינה מלאכותית, טכנולוגיה חידושים, vibe coding ומה שבינהם",nvison,useful,original,0.78,"блог на иврите про ИИ-инструменты, личный опыт",0.0,0,0
3492872737,isChemist Group,ischemistgroup,useful,original,0.78,"технические заметки: осциллятор, заряды, критика моделей",0.0,0,0
3517947702,Хак Так,xak_tak,useful,original,0.78,"приватность: альтернативы Google, обход блокировок",0.153,1,460
1128853616,Настольные игры Паттайя,game_ptt,useful,original,0.75,"анонсы настольных/ролевых игр в клубе, авторские приглашения",0.09,0,216
1360063056,Наша Самара ЧП ДТП,Samara7,useful,original,0.75,"самарские новости и краеведение, авторская подача",0.009,0,11759
1402371376,Вместе медиа,vmestemedia,useful,original,0.75,"медиаотрасль: фестивали, тренды, ИИ на радио, авторские разборы",0.069,0,6740
1520797727,DevelGuru | Заметки программиста,develguru,useful,original,0.75,"PHP/программирование: паттерны, рефакторинг, новости",0.095,0,1453
1590636212,CE 401 Grad News,sutcse,useful,original,0.75,академический канал универа (фарси),0.0,0,0
1609359690,Не знав цю фічу,ai_ukrainee,useful,original,0.75,"Украинский tech/AI: свои заметки об инструментах и новостях ИИ, единый стиль",0.0,0,0
1614688599,Нейронавт | Нейросети в творчестве,GreenNeuralRobots,useful,original,0.75,AI-блог: новости и разборы нейросетей,0.008,0,5747
1652872338,НИИ Медиапром,nii_mediaprom,useful,original,0.75,"аналитика медиа/кино, разборы со ссылками",0.034,0,158
1669170920,ForgetMe | Нейросети,forgetmeai,useful,original,0.75,"Авторский канал о нейросетях: свои обзоры инструментов, подборки, гайды",0.081,1,3850
1735263367,AI News,ai_mediaua,useful,original,0.75,Украинский AIappsUA: свои обзоры ИИ-сервисов с пояснениями и оценками,0.0,0,0
1741956568,AI и грабли,,useful,original,0.75,"рефлексивный блог: дисциплина, продакт, нейронки",0.034,1,389
1789887488,popMODS Cloud,popCLOUDS,useful,original,0.75,IT/Android/Linux инструкции: настройка приложений,0.0,0,0
1835584351,Таиланд | Новости и Туризм 🇹🇭,news_from_thailand,useful,original,0.75,"новости Таиланда: события, фестивали с конкретикой",0.309,0,259
1904018622,How2AI,How2AI,useful,original,0.75,AI-блог how2ai: разбор новостей своими словами,0.151,0,879
1904042808,Tips AI | IT & AI,tips_ai,useful,original,0.75,Авторский @tips_ai: свои обзоры нейросетей с пояснениями и хэштегами,0.142,0,2453
1919589336,AI для Разработки — Claude | Cursor | Copilot,ai_for_dev,useful,original,0.75,Авторский об AI-инструментах для разработчиков: свои разборы тулзов,0.104,1,1118
1997034059,gencode_chat.py,,useful,original,0.75,"блог про программирование с LLM, бенчмарки, разборы",0.034,1,4749
2110057363,ГосЦиФра,gostsifra,useful,original,0.75,"посты про ИИ в госуправлении РФ, кейсы с цифрами",0.112,0,990
2176426998,AgentNexus,AgentNexus,useful,original,0.75,"разборы AI-агентов на фарси: типы, обзоры, новости",0.0,0,0
2877373506,Штучний Геній,AIGeniyUkr,useful,original,0.75,"новости ИИ (укр) с фактурой, рерайт своими словами",0.0,0,0
2160343566,🌏 Проще говоря. Паттайя,proshepataya,useful,original,0.72,краеведческий контент про Паттайю плюс продажа туров,,2,221
1259615654,BitNada,BitNada,useful,original,0.72,"бразильский крипто BitNada: новости с разбором, реклама MBA",0.0,0,0
1494316515,ФАБРИКА КРАСОК,fabrika_krasok,useful,original,0.72,"блог о декоративной отделке/арт-металлах, нишевая экспертиза",0.0,0,0
1817554245,Нейросила & Neiroseti,n_seti,useful,original,0.72,"AI/нейросети-новости с конкретикой, рерайт",0.123,0,3880
1855671275,АФИША ТАИЛАНД 🇹🇭 МЕРОПРИЯТИЯ,AfishaThailand_INF,useful,original,0.72,"афиша событий Таиланда с датами, лайн-апами",0.66,0,247
1911276883,VNwallstreet Coin,vnwallstreetcoin,useful,original,0.72,крипто-новости на вьетнамском с фактами,0.0,0,0
1940845238,Нейромережі,neirom,useful,original,0.72,AI-инструменты (укр) с инструкциями + реклама инвест,0.0,0,0
2006194727,Mikhail Kolobov | Gamedev Forge,GamedevForge,useful,original,0.72,"блог геймдев-разработчика: C#, DOTS, менторство",0.067,0,312
2026309650,"Krypto Trendy - blockchain, bitcoin, inwestycje",kryptotrendy,useful,original,0.72,крипто-дайджесты на польском с фактами + реф Major,0.0,1,0
2056591549,AI Ukraine,aiukraine_wetrust,useful,original,0.72,обзоры AI-инструментов (укр) с примерами,0.0,0,0
2140674236,Марсель про контекст 🤓,itsblackfriday,useful,original,0.72,"блог про Яндекс.Директ и AI-инструменты, опыт",0.183,1,434
2382736969,Автоматизируй и властвуй,startup_14day,useful,original,0.72,"дневник vibe-кодинга: апдейты проектов, разбор фич",0.187,0,653
2821415889,Телеграм + Нейросети,neuraltelegram,useful,original,0.72,"обзоры ИИ-инструментов с инструкциями, рерайт",0.133,1,1269
3522806084,Bohomolov Lab,BohomolovLab,useful,original,0.72,"Bohomolov Lab: кейсы и AI-новости, личный опыт",0.103,1,212
3638130957,AV_Vibe-Кодинг,av_vibe_coding,useful,original,0.72,"блог про вайб-кодинг и Claude Code/Cursor, опыт своими словами",0.004,1,137
3765295864,OpenClaw Community,openclawchats,useful,original,0.72,"посты про AI-агентов OpenClaw, реальный опыт",0.088,2,528
3767306988,AI 情报收集与分析,AIIntelNews,useful,original,0.72,"Автогенерируемая аналитика рынка AI-аккаунтов: цены, рейтинги, арбитраж — свой продукт",0.0,0,0
1119660287,Сомелье маркетинга - WebCanape,WebCanapeChannel,useful,original,0.7,"WebCanape digital-маркетинг: обзоры обновлений площадок, кейсы",0.165,1,1186
1174868919,متخصصان علم داده ها data scientists,toobabigdatascience,useful,original,0.7,"персидский data science/ИБ: авторские заметки, подборки статей",0.0,0,0
1343748219,Rus tilini O'rganamiz,rustili,useful,original,0.7,"уроки русского для узбеков, обучающий контент",0.7,1,6457
1444806010,Tell me how to startup (c) Kryak meetings,kryak_startup,useful,original,0.7,"заметки про стартапы/VC/PLG, рефлексия фаундера",0.239,1,1069
1698577704,ГБУ АО «Зейский КЦСОН «Родник»,rodnik_zeya,useful,original,0.7,отчёты детского центра о мероприятиях,0.142,0,1396
1738404351,Нейросети - SAV AI,SAV_AI,useful,original,0.7,Авторский канал РентРОП о нейросетях: свои обзоры инструментов,0.355,0,4618
1742008370,Riviera Jomtien,riviera_jomtien,useful,original,0.7,чат жильцов кондо в Тае: инфо о комплексе,0.1,0,43361
1819991457,MPG: Маркетинг | AI | Продажі,mpg_ai,useful,original,0.7,"маркетинг-кейсы и истории, подборка книг",0.0,0,0
1841517451,Инфо Паттайя Экскурсии Погода☀️,info_pattaya,useful,original,0.7,"инфо-гид по Паттайе: как добраться, туры, погода",0.425,0,494
1861635243,MR FAI NOTES,MRFAINOTES,useful,original,0.7,Англоязычные AI-дайджесты-саммари (bullet-разборы релизов) своей компоновки,0.0,0,0
1969259659,PADEZHNOV ⟫ Продуктивность · Стартапы · ИИ,padezhnov,useful,original,0.7,"тревел-гайды (eSIM, Дубай) + AI-саммари статей",0.063,0,116
1970788983,"Да придет ИИ: ChatGPT, Claude, Gemini, Grok",agipdoom,useful,original,0.7,"заметки про AI-модели и бенчмарки, личное тестирование",0.0,0,0
2001699162,AIDEA | ИИ для менеджмента,aidea4work,useful,original,0.7,митапы по AI в менеджменте с темами и видео,0.192,1,132
2240465996,Brian's Big Bytes,brianbigbytes,useful,original,0.7,"заметки разработчика buildinpublic: прогресс, RAG",0.0,0,0
2400290453,katsuba.live,katsuba_live,useful,original,0.7,AI/GitHub-репозитории и dev-новости: свои саммари-разборы релизов на русском,0.044,1,106
2627067435,Vibecoder,vibecodings,useful,original,0.7,блог про вайбкодинг с практикой + продажа курса,0.086,1,152
3084380501,钱包智能合约区块链漏洞详解,QunKuai8,useful,original,0.7,"китайские разборы блокчейн-кошельков, кросс-чейн",0.0,0,0
3137226169,АИздец,AIzdec_AI,useful,original,0.7,"AI-новостник: релизы моделей, инструменты, репо",0.0,0,0
3255069969,Деньги Без Границ,BorderFreeMoney,useful,original,0.7,"денежные переводы: курсы, схемы, советы под услугу",0.298,0,352
3710624841,币圈监控小助手,bqjk8,useful,original,0.7,Автогенерируемые краткосрочные торговые сигналы с конкретикой по уровням — свой продукт,0.0,0,0
2791464130,AI Simplify🧬,simplify_ai,useful,original,0.68,обзоры ИИ-сервисов с описанием и ссылками,0.324,0,387
3480305118,Agent Builder Academy,agentbuilderacademy,useful,original,0.68,Agent Builder Academy: советы по n8n + лид-магниты,0.0,0,0
1641042422,Макс Галсон • ИИ агенты OpenClaw,galsonproai,useful,original,0.65,"блог про AI-агенты/Claude, но уклон в продажу Фабрики",0.0,0,0
1731301684,3D Новости,tg_3dnews,useful,original,0.65,IT/гейм-новости со своими текстами и подписью 3DNews; авторский рерайт,0.001,1,5042
1935441323,ME News,MetaEraNews,useful,original,0.65,Web3/крипто-новости на китайском с источниками,0.0,0,0
2104715521,Kursoff,kursoffbiz,useful,original,0.65,крипто-новости (укр) + реклама обменника KursoFF,0.0,0,0
2133659898,Нейросети | Вайбкодинг | GenAI,aibizlife,useful,original,0.65,@aibizlife: свои короткие новости/рерайт об ИИ с подписями; есть хайп-посты,0.012,1,2602
1819374592,MF FM,midnightfounder,useful,original,0.62,заметки фаундера про AI/менеджмент/продукт,0.054,1,211
1847036845,Даша – фабрика контента 👯‍♀️,mediaeda,useful,original,0.62,"кофейный блог: интервью, события, история журнала",0.435,0,1100
1959988936,AIдейный контент,chistotext,useful,original,0.62,"блог копирайтера с промптами для ChatGPT, практика",0.168,0,117
1974548683,"Манимейкинг, SEO, ПФ | Павлик Торчков🔝",seo_boost,useful,original,0.62,блог про SEO/накрутку с опытом + продажа услуг,0.322,0,773
2249742223,ПАТТАЙЯ ЧАТ 🇹🇭 ОБЩЕНИЕ,pattaiachat_ask,useful,original,0.62,"тревел Таиланд: страховки, советы + комменты",0.32,0,14330
2694960513,Claude Code Community,claudecodeteam,useful,original,0.62,"чат практики Claude Code/Codex: лимиты, конфиги",0.061,0,1352
1398121934,고매주식일기장,butterbread_diary,useful,original,0.6,"корейский крипто/NFT: разборы IDO, нод, аирдропов, с шиллингом",0.0,0,0
1404615466,Компания Андрей Отинов,onffru,useful,original,0.6,"новости законов/медиа/ИИ, авторская подача + анонсы сервисов",0.019,0,1036
1461173207,Анна Велигжанина,AnnaVeligzhanina,useful,original,0.6,"Русский новостной/желтоватый: некрологи, разбор схемы Max, Чубайс — авторская подача и мнения",0.007,0,79
1687141357,Больше,bolshenews,useful,original,0.6,Русский новостной/политический канал со своими формулировками,0.122,0,13865
1707455979,"Медведица, давай про маркетинг",Davaipromarketing,useful,original,0.6,блог маркетолога: воронки + уклон в продажу,0.072,0,322
1821417560,Кирилл Пшинник - ректор университета Зерокодер,k_pshinnik,useful,original,0.6,блог про внедрение AI с кейсами и цифрами,0.0,0,0
1862449925,Размышления IT-шнего госслужащего,zametkyneIT,useful,original,0.6,"заметки про управление, обучение, госуправление",0.019,1,1023
1931221451,Простые Новости,moneynewswork,useful,original,0.6,короткие новости экономика-общество + реклама займов,0.015,0,524
1945898585,Реальный Таиланд Новости,Thailand_Real,useful,original,0.6,новости Паттайи + половина реклама ВНЖ/недвижимости,0.111,0,466
2449905101,AI да CRYPTO! (CRYPTO VERTEX AI),crypto_vertex_neuro,useful,original,0.6,Крипто-новости со своими структурированными пересказами и ссылками; рерайт с подачей,0.216,0,6600
2483618461,Finextra,Finextrae,useful,original,0.6,"дайджесты крипто + мысли о трейдинге, есть airdrop-реклама",0.0,0,0
2559404616,ИИ Разум с Алексеем К,ii_razum,useful,original,0.6,новости ИИ-инструментов с разборами и промптами,0.0,0,0
2578059692,BlackDragon🔥,blackdragontehno,useful,original,0.6,"новости и подборки ИИ-инструментов, рерайт",0.303,0,2690
2688352880,Ильдар Сагидуллин AI и Бизнес,IldarSagidullin,useful,original,0.6,"блог про ИИ-промпты, бизнес, жизнь в Азии",0.0,0,0
2765074304,🚨🇻🇪🌏 BÚNKER DIGITAL VENEZUELA,bunkerdigitalvenezuela,useful,original,0.6,Испаноязычная лента криминальных новостей Венесуэлы: свои тексты сводок с источниками,0.3,0,0
2845235176,Botanic: ИИ для бизнеса,BotanicAI16,useful,original,0.6,"сводки ИИ-новостей для бизнеса от Botanic, самопиар",0.018,1,529
3127623346,ИИ в деле | Daniil Moskalenko,AI_unstoppable,useful,original,0.6,блог про внедрение AI: промпты + зазывы на эфир,0.101,2,59
3906854190,Zipp 👀🇹🇷,zippfeedtr,useful,original,0.6,"турецкие крипто-новости с BULLISH/BEARISH-подачей, рерайт",0.3,0,0
1857490715,UPD: что в мире технологий?,robert_content,useful,original,0.58,блог про продвижение и AI-инструменты + инфобиз-марафон,0.129,0,351
2567470272,Start ИИ,start_in_ai,useful,original,0.58,"подборки промптов, обзоры нейросетей с примерами",0.12,1,1843
3933908764,Global Crypto News Daily 👍,GlobalCryptoNewsDaily,useful,original,0.58,"англ крипто-новости, рерайт Odaily/Benzinga своими словами",0.1,0,0
1482307486,Radar de Noticias Venezuela,RadarEconomicoVzla,useful,original,0.55,"Венесуэльский новостной en paralelo: происшествия/политика со своими хэштегами и 'Que opinas?', есть подача",0.0,0,0
1846863259,"IT тусовки Паттайя (devs, digital, AI)",it_party_pattaya,useful,original,0.55,"чат IT-экспатов Паттайи: дайджесты, практичные заметки",0.16,0,234
2744745248,AI STRING | Новости,AiString,useful,original,0.55,"IT/ИИ-тематика (тексты не отобразились, осторожно)",0.13,2,1488
2894036434,Abdullah qais ai,abdullahqaisai,useful,original,0.55,"заметки про ИИ на арабском, рерайт (осторожно)",0.0,0,0
